[
    {
      "id": 1,
      "title": "Flavour 1",
      "description": "Flavour 1 Description",
      "buttonText": "View Details",
      "img": "assets/flavour1.jpg",
      "smallSizePrice":8,
      "smallSizeQuantity":18,
      "mediumSizePrice": 13,
      "mediumSizeQuantity":6,
      "largeSizePrice":18,
      "largeSizeQuantity":3
    },
    {
      "id": 2,
      "title": "Flavour 2",
      "description": "Flavour 2 Description",
      "buttonText": "View Details",
      "img": "assets/flavour2.jpg",
      "smallSizePrice":9,
      "smallSizeQuantity":19,
      "mediumSizePrice": 14,
      "mediumSizeQuantity":7,
      "largeSizePrice":17,
      "largeSizeQuantity":5
    },
    {
      "id": 3,
      "title": "Flavour 3",
      "description": "Flavour 3 Description",
      "buttonText": "View Details",
      "img": "assets/flavour3.jpg",
      "smallSizePrice":7,
      "smallSizeQuantity":17,
      "mediumSizePrice": 12,
      "mediumSizeQuantity":8,
      "largeSizePrice":20,
      "largeSizeQuantity":10

    },
    {
      "id": 4,
      "title": "Flavour 4",
      "description": "Flavour 4 Description",
      "buttonText": "View Details",
      "img": "assets/flavour1.jpg",
      "smallSizePrice":4,
      "smallSizeQuantity":180,
      "mediumSizePrice": 10,
      "mediumSizeQuantity":500,
      "largeSizePrice":12,
      "largeSizeQuantity":30
    },
    {
      "id": 5,
      "title": "Flavour 5",
      "description": "Flavour 5 Description Content",
      "buttonText": "View Details",
      "img": "assets/flavour2.jpg",
      "smallSizePrice":8,
      "smallSizeQuantity":180,
      "mediumSizePrice": 13,
      "mediumSizeQuantity":60,
      "largeSizePrice":18,
      "largeSizeQuantity":30
    },
    {
      "id": 6,
      "title": "Flavour 6",
      "description": "Flavour 6 Description Content here",
      "buttonText": "View Details",
      "img": "assets/flavour3.jpg",
      "smallSizePrice":80,
      "smallSizeQuantity":18,
      "mediumSizePrice": 130,
      "mediumSizeQuantity":6,
      "largeSizePrice":180,
      "largeSizeQuantity":3
    },
    {
      "id": 7,
      "title": "Flavour 7",
      "description": "Flavour 7 Description Content here",
      "buttonText": "View Details",
      "img": "assets/flavour1.jpg",
      "smallSizePrice":1,
      "smallSizeQuantity":10,
      "mediumSizePrice": 11,
      "mediumSizeQuantity":20,
      "largeSizePrice":21,
      "largeSizeQuantity":30
    },
    {
      "id": 8,
      "title": "Flavour 8",
      "description": "Some details about flavour 8",
      "buttonText": "View Details",
      "img": "assets/flavour2.jpg",
      "smallSizePrice":1,
      "smallSizeQuantity":8,
      "mediumSizePrice": 3,
      "mediumSizeQuantity":6,
      "largeSizePrice":8,
      "largeSizeQuantity":3
    }
    
  ]